Purchasing Doc. (EBELN);Value in EUR (MV_MONVALUE_CONVERTED);Item (EBELP);Del. Indicator (LOEKZ);Doc. Category (BSTYP);Document Type (BSART);Status (STATU);Item Category (PSTYP);Acct Assgmt Cat (KNTTP);Purchasing Org. (EKORG);Purch. Group (EKGRP);Country/Reg. (LAND1);Company Code (BUKRS);Supplier (LIFNR);Plant (WERKS);Location (LGORT);Profit Center (KO_PRCTR);Bus.area:prtner (KO_GSBER);Agreement (KONNR);Info Record (INFNR);Material Type (MTART);Material Group (MATKL);Material (MATNR);Short Text (TXZ01);MRP Type (DISMM);MRP Controller (DISPO);Plnd Deliv (Mat.) (PLIFZ_MARC);GR pr.time(Mat.) (WEBAZ_MARC);Lot Sizing Procedure (DISLS);Safety Stock (EISBE);P-S Mat. Status (MMSTA);DF plant level (LVORM);PO Quantity (MENGE);Order Unit (MEINS);Net Price (NETPR);Net Value (NETWR);Currency (WAERS);GR Non-Valuated (WEUNB);GR-Based IV (WEBRE);Price Unit (PEINH);Release group (FRGGR);Proc. State (PROCSTAT);Created By (ERNAM);User Type (USTYP);User group (CLASS);PO Delivery Date (EINDT);Created on (Header) (AEDAT_H);Time (UTIME);Transaction (TCODE);Created on (Item) (AEDAT);Final Delivery (EGLKZ);Deliv. Compl. (ELIKZ);Stock Type (INSMK);Special Stock (SOBKZ);Pl. Deliv. Time (PLIFZ);GR Proc. Time (WEBAZ);Conf. Control (BSTAE);Partial GR (PARTIAL_GR);Cancelled GR (CANCEL_GR);Goods Receipt Qty. (GR_AMOUNT);Goods Receipt Value (GR_VALUE);GR: Doc (GR_MBLNR);GR Year (GR_MJAHR);GR Creation Date (GR_CPUDT);Final Invoice (EREKZ);Commitment items (COM_EXIST);Partial IR (PARTIAL_IR);Cancelled IR (CANCEL_IR);Invoice Qty. (IV_AMOUNT);Invoice Value (IR_VALUE);IR: Doc (IR_MBLNR);IR: Year (IR_MJAHR);IR Document Date (IR_CPUDT);IR before GR (IR_BEFORE_GR);Insp.lot from GR (INSP_LOT_GR_EXISTS);Insp.lot w.outst. GR (INSP_LOT_W_OUTST_GR_EXISTS);Incoterms (INCO1);PR item exists (PR_EXISTS);Purchase Req. (BANFN);Requisn Item (BNFPO);Requisitioner (AFNAM);Requisn Date (BADAT);PR Delivery Date (LFDAT);Release Date (FRGDT);Quantity (MENGE_PR);Unit of Measure (MEINS_PR);Proc.state (BANPR);Plnd Dely (PR) (PLIFZ_PR)
4500006860;922.75;00010;;F;NB;9;0;;RU04;null;null;RU04;0000102535;RU04;;;;;5300003094;HAWA;01;RUEC-RU-BATCH;Пример Материала партии;null;null;null;null;null;null;null;null;1.000;ST;1000.00;1000.00;USD;null;null;1;Z1;02;VINOKUROVAV;A;TESTER;2021-09-29;2021-09-29;null;null;2021-09-29;;X;;null;null;null;null;;0;1.000;1000.00;5000028103;2021;2021-09-29;;;;0;1.000;1000.00;5105604181;2021;2021-09-29;;;;null;;null;null;null;null;null;null;null;null;null;null
4500006860;922.75;00020;;F;NB;9;0;;RU04;null;null;RU04;0000102535;RU04;;;;;5300003094;HAWA;01;RUEC-RU-BATCH;Пример Материала партии;null;null;null;null;null;null;null;null;1.000;ST;1000.00;1000.00;USD;null;null;1;Z1;02;VINOKUROVAV;A;TESTER;2021-09-29;2021-09-29;null;null;2021-09-29;;X;;null;null;null;null;;0;1.000;1000.00;5000028103;2021;2021-09-29;;;;0;1.000;1000.00;5105604181;2021;2021-09-29;;;;null;;null;null;null;null;null;null;null;null;null;null
4500009810;922.75;00010;;F;NB;9;0;F;RU04;null;null;RU04;0000102535;RU04;;;;;5300005560;HAWA;01;RUEC-RU-BOM;обычный материал;null;null;null;null;null;null;null;null;1.000;ST;1000.00;1000.00;USD;null;null;1;Z1;02;VINOKUROVAV;A;TESTER;2021-09-30;2021-09-30;null;null;2021-09-30;;X;;null;null;null;null;;0;1.000;1000.00;5000028121;2021;2021-09-30;;;;0;1.000;1000.00;5105604605;2021;2021-09-30;;;;null;;null;null;null;null;null;null;null;null;null;null
4500010064;69.20625;00010;;F;NB;9;0;;0001;null;null;0001;0000106531;0001;;;;;5300003990;HAWA;01;ZBS_MAT02;Material 2;null;null;null;null;null;null;null;null;3.000;EA;25.00;75.00;USD;null;null;1;Z1;05;STROHECKER;A;TESTER;2021-10-06;2021-10-06;null;null;2021-10-06;;;X;null;null;null;null;;0;0.000;0.00;;0000;null;;;;0;0.000;0.00;;0000;null;;;;null;;null;null;null;null;null;null;null;null;null;null
4500010198;0.99745;00010;;F;NB;9;0;A;RU04;null;null;RU04;URA_SELLER;RU04;;;;;;;01;;test;null;null;null;null;null;null;null;null;1.000;EA;100.00;100.00;RUB;null;null;1;Z1;03;VINOKUROVAV;A;TESTER;2021-09-22;2021-09-22;null;null;2021-09-22;;;;null;null;null;null;;0;0.000;0.00;;0000;null;;;;0;1.000;100.00;5105604580;2021;2021-09-22;X;;;null;;null;null;null;null;null;null;null;null;null;null
4500010199;9.9745;00010;;F;NB;9;0;A;RU04;null;null;RU04;URA_SELLER;RU04;;;;;;;01;;Тестирование прослеживаемости;null;null;null;null;null;null;null;null;1.000;KG;1000.00;1000.00;RUB;null;null;1;Z1;03;VINOKUROVAV;A;TESTER;2021-09-22;2021-09-22;null;null;2021-09-22;;;;null;null;null;null;;0;0.000;0.00;;0000;null;;;;0;1.000;1000.00;5105604584;2021;2021-09-22;X;;;null;;null;null;null;null;null;null;null;null;null;null
4500010200;9.9745;00010;;F;NB;9;0;F;RU04;null;null;RU04;URA_SELLER;RU04;;;;;5300002981;HAWA;01;RUEC-TP-TRACEB;Тестирование прослеживаемости;null;null;null;null;null;null;null;null;1.000;KG;1000.00;1000.00;RUB;null;null;1;Z1;02;VINOKUROVAV;A;TESTER;2021-09-22;2021-09-22;null;null;2021-09-22;;X;;null;null;null;null;;0;1.000;1000.00;5000028040;2021;2021-09-22;;;;0;1.000;1000.00;5105604294;2021;2021-09-22;;;;null;;null;null;null;null;null;null;null;null;null;null
4500010201;9.9745;00010;;F;NB;9;0;F;RU04;1;null;RU04;URA_SELLER;RU04;;;;;5300002981;HAWA;01;RUEC-TP-TRACEB;Тестирование прослеживаемости;null;null;null;null;null;null;null;null;1.000;KG;1000.00;1000.00;RUB;null;null;1;Z1;02;VINOKUROVAV;A;TESTER;2021-09-22;2021-09-22;null;null;2021-09-22;;X;;null;null;null;null;;0;1.000;1000.00;5000028041;2021;2021-09-22;;;;0;0.000;0.00;;0000;null;;;;null;;null;null;null;null;null;null;null;null;null;null
4500010202;9.9745;00010;;F;NB;9;0;F;RU04;null;null;RU04;URA_SELLER;RU04;;;;;5300003090;HAWA;01;RUEC-RU-BATCH;Пример Материала партии;null;null;null;null;null;null;null;null;1.000;ST;1000.00;1000.00;RUB;null;null;1;Z1;02;VINOKUROVAV;A;TESTER;2021-09-22;2021-09-22;null;null;2021-09-22;;X;;null;null;null;null;;0;1.000;1000.00;5000028034;2021;2021-09-22;;;;0;0.000;0.00;;0000;null;;;;null;;null;null;null;null;null;null;null;null;null;null
4500010203;621.6427584;00010;;F;NB;9;0;;RU04;null;null;RU04;URA_SELLER;RU04;;;;;5300003090;HAWA;01;RUEC-RU-BATCH;Пример Материала партии;null;null;null;null;null;null;null;null;1.000;ST;62323.20;62323.20;RUB;null;null;1;Z1;08;VINOKUROVAV;A;TESTER;2021-09-22;2021-09-22;null;null;2021-09-22;;X;;null;null;null;null;;0;1.000;62323.20;5000028036;2021;2021-09-22;;;;0;1.000;62323.20;5105604587;2021;2021-09-22;;;;null;;null;null;null;null;null;null;null;null;null;null
4500010203;621.6427584;00020;;F;NB;9;0;;RU04;null;null;RU04;URA_SELLER;RU04;;;;;5300003090;HAWA;01;RUEC-RU-BATCH;Пример Материала партии;null;null;null;null;null;null;null;null;1.000;ST;62323.20;62323.20;RUB;null;null;1;Z1;08;VINOKUROVAV;A;TESTER;2021-09-22;2021-09-22;null;null;2021-09-22;;X;;null;null;null;null;;0;1.000;62323.20;5000028036;2021;2021-09-22;;;;0;1.000;62323.20;5105604587;2021;2021-09-22;;;;null;;null;null;null;null;null;null;null;null;null;null
4500010204;621.6427584;00010;;F;NB;9;0;;RU04;null;null;RU04;URA_SELLER;RU04;;;;;5300003090;HAWA;01;RUEC-RU-BATCH;Пример Материала партии;null;null;null;null;null;null;null;null;1.000;ST;62323.20;62323.20;RUB;null;null;1;Z1;08;VINOKUROVAV;A;TESTER;2021-09-23;2021-09-22;null;null;2021-09-22;;X;;null;null;null;null;;0;1.000;62323.20;5000028037;2021;2021-09-22;;;;0;0.000;0.00;;0000;null;;;;null;;null;null;null;null;null;null;null;null;null;null
4500010204;621.6427584;00020;;F;NB;9;0;;RU04;null;null;RU04;URA_SELLER;RU04;;;;;5300003090;HAWA;01;RUEC-RU-BATCH;Пример Материала партии;null;null;null;null;null;null;null;null;1.000;ST;62323.20;62323.20;RUB;null;null;1;Z1;02;VINOKUROVAV;A;TESTER;2021-09-23;2021-09-22;null;null;2021-09-22;;X;;null;null;null;null;;0;1.000;62323.20;5000028037;2021;2021-09-22;;;;0;0.000;0.00;;0000;null;;;;null;;null;null;null;null;null;null;null;null;null;null
4500010205;49.8725;00010;;F;NB;9;0;;RU04;null;null;RU04;URA_DPP;RU04;;;;;5300002542;HAWA;01;RUEC-RU-BATCH;Пример Материала партии;null;null;null;null;null;null;null;null;5.000;ST;1000.00;5000.00;RUB;null;null;1;Z1;02;VINOKUROVAV;A;TESTER;2021-09-22;2021-09-22;null;null;2021-09-22;;X;;null;null;null;null;;0;5.000;5000.00;5000028038;2021;2021-09-22;;;;0;0.000;0.00;;0000;null;;;;null;;null;null;null;null;null;null;null;null;null;null
4500010206;49.8725;00010;;F;NB;9;0;;RU04;null;null;RU04;URA_DPP;RU04;;;;;5300002542;HAWA;01;RUEC-RU-BATCH;Пример Материала партии;null;null;null;null;null;null;null;null;5.000;ST;1000.00;5000.00;RUB;null;null;1;Z1;02;VINOKUROVAV;A;TESTER;2021-09-23;2021-09-22;null;null;2021-09-22;;X;;null;null;null;null;;0;5.000;5000.00;5000028039;2021;2021-09-22;;;;0;0.000;0.00;;0000;null;;;;null;;null;null;null;null;null;null;null;null;null;null
4500010207;833117.781202;00010;;F;NB;9;0;;CM03;null;null;0001;CM_PERF;0001;0001;;;;5300003616;ROH;01;CM_CU_CONC_07;CM Copper Concentrate 07;null;null;null;null;null;null;null;null;100.000;TO;7143.87;714386.71;GBP;null;null;1;;02;PANDAPR;A;TESTER;2021-09-24;2021-09-24;null;null;2021-09-24;;;;null;null;null;null;;0;0.000;0.00;;0000;null;;;;0;0.000;0.00;;0000;null;;;;null;;null;null;null;null;null;null;null;null;null;null
4500010208;771327.513866;00010;;F;NB;9;0;;CM03;null;null;0001;CM_PERF;0001;0001;;;;5300003616;ROH;01;CM_CU_CONC_07;CM Copper Concentrate 07;null;null;null;null;null;null;null;null;100.000;TO;6614.02;661402.43;GBP;null;null;1;;02;PANDAPR;A;TESTER;2021-09-24;2021-09-24;null;null;2021-09-24;;;;null;null;null;null;;0;0.000;0.00;;0000;null;;;;0;0.000;0.00;;0000;null;;;;null;;null;null;null;null;null;null;null;null;null;null
4500010209;86551.177342;00010;;F;NB;9;0;;CM03;null;null;0001;CM_PERF;0001;;;;;5300003614;ROH;01;CM_CU_CONC_04;CM Copper Concentrate 04;null;null;null;null;null;null;null;null;23.000;TO;3226.80;74216.41;GBP;null;null;1;;02;GEIGERM;A;TESTER;2020-11-27;2021-09-24;null;null;2021-09-24;;;;null;null;null;null;X;1;7.000;22587.60;;0000;null;;;;0;0.000;0.00;;0000;null;;;;null;;null;null;null;null;null;null;null;null;null;null
4500010210;752618.925296;00010;;F;NB;9;0;;CM03;null;null;0001;CM_PERF;0001;;;;;5300003614;ROH;01;CM_CU_CONC_04;CM Copper Concentrate 04;null;null;null;null;null;null;null;null;200.000;TO;3226.80;645360.08;GBP;null;null;1;;02;GEIGERM;A;TESTER;2020-11-27;2021-09-24;null;null;2021-09-24;;;;null;null;null;null;;0;0.000;0.00;;0000;null;;;;0;0.000;0.00;;0000;null;;;;null;;null;null;null;null;null;null;null;null;null;null
4500010211;752618.925296;00010;;F;NB;9;0;;CM03;null;null;0001;CM_PERF;0001;;;;;5300003614;ROH;01;CM_CU_CONC_04;CM Copper Concentrate 04;null;null;null;null;null;null;null;null;200.000;TO;3226.80;645360.08;GBP;null;null;1;;02;GEIGERM;A;TESTER;2020-11-27;2021-09-24;null;null;2021-09-24;;;;null;null;null;null;X;0;10.000;32268.00;;0000;null;;;;0;0.000;0.00;;0000;null;;;;null;;null;null;null;null;null;null;null;null;null;null
4500010212;1000;00010;;F;NB;9;0;;0001;null;null;0001;CCMSUPP21;0001;;;;;5300002662;HAWA;01;CCMPROD03;CCM Product 3;null;null;null;null;null;null;null;null;100.000;EA;10.00;1000.00;EUR;null;null;1;;02;MUETHER;A;TESTER;2021-09-28;2021-09-27;null;null;2021-09-27;;;;null;null;null;null;;0;0.000;0.00;;0000;null;;;;0;0.000;0.00;;0000;null;;;;null;;null;null;null;null;null;null;null;null;null;null
4500010212;500;00020;;F;NB;9;0;;0001;null;null;0001;CCMSUPP21;0001;;;;;5300002663;HAWA;01;CCMPROD04;CCM Product 4;null;null;null;null;null;null;null;null;50.000;EA;10.00;500.00;EUR;null;null;1;;02;MUETHER;A;TESTER;2021-09-28;2021-09-27;null;null;2021-09-27;;;;null;null;null;null;;0;0.000;0.00;;0000;null;;;;0;0.000;0.00;;0000;null;;;;null;;null;null;null;null;null;null;null;null;null;null
4500010213;1112929.790025;00010;;F;NB;9;0;;CM01;null;null;0001;CM_VMT_CA;0001;0001;;;;5300000740;ROH;01;CM_COPPER_CAT;CM_COPPER_CAT;ND;null;null;null;;null;null;null;200.000;TO;6030.51;1206101.10;USD;null;null;1;;02;EBERLEJU;A;TESTER;2021-09-27;2021-09-27;null;null;2021-09-27;;;;null;null;null;null;X;0;110.000;663356.10;;0000;null;;;X;0;90.000;542745.90;;0000;null;;;;null;;null;null;null;null;null;null;null;null;null;null
4500010214;413233.61919;00010;;F;NB;9;0;;CM03;null;null;0001;CM_PERF;0001;;;;;5300003614;ROH;01;CM_CU_CONC_04;CM Copper Concentrate 04;null;null;null;null;null;null;null;null;100.000;TO;4478.28;447828.36;USD;null;null;1;;02;GEIGERM;A;TESTER;2020-11-27;2021-09-27;null;null;2021-09-27;;;;null;null;null;null;X;0;5.000;22391.40;;0000;null;;;;0;0.000;0.00;;0000;null;;;;null;;null;null;null;null;null;null;null;null;null;null
4500010216;56068.9936575;00010;;F;NB;9;0;;CM01;null;null;0001;CM_VMT_CA;0001;;;;;5300000740;ROH;01;CM_COPPER_CAT;CM_COPPER_CAT;ND;null;null;null;;null;null;null;10.000;TO;6076.29;60762.93;USD;null;null;1;;02;JOHANNH;A;TESTER;2021-09-28;2021-09-27;null;null;2021-09-27;;;;null;null;null;null;X;0;1.000;6076.29;;0000;null;;;;0;0.000;0.00;;0000;null;;;;null;;null;null;null;null;null;null;null;null;null;null
4500010218;827803.6110675;00010;;F;NB;9;0;;CM01;null;null;0001;CM_VMT_CA;0001;;;;;5300000740;ROH;01;CM_COPPER_CAT;CM_COPPER_CAT;ND;null;null;null;;null;null;null;100.000;TO;8971.05;897104.97;USD;null;null;1;;02;KARAMBIZI;A;TESTER;2021-09-29;2021-09-28;null;null;2021-09-28;;;;null;null;null;null;X;0;10.000;89710.50;;0000;null;;;;0;0.000;0.00;;0000;null;;;;null;;null;null;null;null;null;null;null;null;null;null
4500010219;1672507.33302;00010;;F;NB;9;0;;CM01;null;null;0001;CM_VMT_CA;0001;0001;;;;5300000740;ROH;01;CM_COPPER_CAT;CM_COPPER_CAT;ND;null;null;null;;null;null;null;200.000;TO;9062.62;1812524.88;USD;null;null;1;;02;EBERLEJU;A;TESTER;2021-09-28;2021-09-28;null;null;2021-09-28;;;;null;null;null;null;X;0;50.000;453131.00;;0000;null;;;X;0;30.000;271878.60;;0000;null;;;;null;;null;null;null;null;null;null;null;null;null;null
4500010220;8362536.6651;00010;;F;NB;9;0;;CM01;null;null;0001;CM_VMT_CA;0001;0001;;;;5300000740;ROH;01;CM_COPPER_CAT;CM_COPPER_CAT;ND;null;null;null;;null;null;null;1000.000;TO;9062.62;9062624.40;USD;null;null;1;;02;EBERLEJU;A;TESTER;2021-09-28;2021-09-28;null;null;2021-09-28;;;;null;null;null;null;X;0;200.000;1812524.00;;0000;null;;;;0;0.000;0.00;;0000;null;;;;null;;null;null;null;null;null;null;null;null;null;null
4500010221;8362536.6651;00010;;F;NB;9;0;;CM01;null;null;0001;CM_VMT_CA;0001;0001;;;;5300000740;ROH;01;CM_COPPER_CAT;CM_COPPER_CAT;ND;null;null;null;;null;null;null;1000.000;TO;9062.62;9062624.40;USD;null;null;1;;02;EBERLEJU;A;TESTER;2021-09-28;2021-09-28;null;null;2021-09-28;;;;null;null;null;null;X;0;200.000;1812524.00;;0000;null;;;X;0;200.000;1812524.00;;0000;null;;;;null;;null;null;null;null;null;null;null;null;null;null
4500010222;1737.661324;00010;;F;NB;9;0;;CM02;null;null;0001;CM_VAG_SO;0001;;PC00;;;5300000753;ROH;01;CM_SOYBEAN;CM Soybean;null;null;null;null;null;null;null;null;10.000;BU;149.00;1490.02;GBP;null;null;1;;02;KUMARIN;A;TESTER;2021-10-03;2021-09-28;null;null;2021-09-28;;;;null;null;null;null;;0;0.000;0.00;;0000;null;;;;0;0.000;0.00;;0000;null;;;;null;;null;null;null;null;null;null;null;null;null;null
4500010223;922.75;00010;;F;NB;9;0;;RU04;null;null;RU04;0000102535;RU04;;;;;5300003090;HAWA;01;RUEC-RU-BATCH;Пример Материала партии;null;null;null;null;null;null;null;null;1.000;ST;1000.00;1000.00;USD;null;null;1;;02;VINOKUROVAV;A;TESTER;2021-09-29;2021-09-29;null;null;2021-09-29;;X;;null;null;null;null;;0;1.000;1000.00;5000028114;2021;2021-09-29;;;;0;1.000;1000.00;5105604158;2021;2021-09-29;;;;null;;null;null;null;null;null;null;null;null;null;null
4500010223;922.75;00020;;F;NB;9;0;;RU04;null;null;RU04;0000102535;RU04;;;;;5300003090;HAWA;01;RUEC-RU-BATCH;Пример Материала партии;null;null;null;null;null;null;null;null;1.000;ST;1000.00;1000.00;USD;null;null;1;;02;VINOKUROVAV;A;TESTER;2021-09-29;2021-09-29;null;null;2021-09-29;;X;;null;null;null;null;;0;1.000;1000.00;5000028114;2021;2021-09-29;;;;0;1.000;1000.00;5105604158;2021;2021-09-29;;;;null;;null;null;null;null;null;null;null;null;null;null
4500010224;922.75;00010;;F;NB;9;0;;RU04;null;null;RU04;0000102535;RU04;;;;;5300003090;HAWA;01;RUEC-RU-BATCH;Пример Материала партии;null;null;null;null;null;null;null;null;1.000;ST;1000.00;1000.00;USD;null;null;1;;02;VINOKUROVAV;A;TESTER;2021-09-29;2021-09-29;null;null;2021-09-29;;;;null;null;null;null;;0;0.000;0.00;;0000;null;;;;0;0.000;0.00;;0000;null;;;;null;;null;null;null;null;null;null;null;null;null;null
4500010224;922.75;00020;;F;NB;9;0;;RU04;null;null;RU04;0000102535;RU04;;;;;5300003090;HAWA;01;RUEC-RU-BATCH;Пример Материала партии;null;null;null;null;null;null;null;null;1.000;ST;1000.00;1000.00;USD;null;null;1;;02;VINOKUROVAV;A;TESTER;2021-09-29;2021-09-29;null;null;2021-09-29;;;;null;null;null;null;;0;0.000;0.00;;0000;null;;;;0;0.000;0.00;;0000;null;;;;null;;null;null;null;null;null;null;null;null;null;null
4500010225;39.898;00010;;F;NB;9;0;;RU04;null;null;RU04;0000102375;RU04;;;;;5300003094;HAWA;01;RUEC-RU-BATCH;Test batch;null;null;null;null;null;null;null;null;1.000;ST;4000.00;4000.00;RUB;null;null;1;;02;VINOKUROVAV;A;TESTER;2021-09-29;2021-09-29;null;null;2021-09-29;;X;;null;null;null;null;;0;1.000;4000.00;5000028115;2021;2021-09-29;;;;1;0.000;0.00;;0000;null;;;;null;;null;null;null;null;null;null;null;null;null;null
4500010225;39.898;00020;;F;NB;9;0;;RU04;null;null;RU04;0000102375;RU04;;;;;5300003094;HAWA;01;RUEC-RU-BATCH;Test batch;null;null;null;null;null;null;null;null;1.000;ST;4000.00;4000.00;RUB;null;null;1;;02;VINOKUROVAV;A;TESTER;2021-09-29;2021-09-29;null;null;2021-09-29;;X;;null;null;null;null;;0;1.000;4000.00;5000028115;2021;2021-09-29;;;;1;0.000;0.00;;0000;null;;;;null;;null;null;null;null;null;null;null;null;null;null
4500010226;373776.38627;00010;;F;NB;9;0;;CM01;null;null;0001;CM_VMT_CA;0001;0001;;;;5300000740;ROH;01;CM_COPPER_CAT;CM_COPPER_CAT;ND;null;null;null;;null;null;null;100.000;TO;4050.68;405067.88;USD;null;null;1;;02;PANDAPR;A;TESTER;2021-09-25;2021-09-29;null;null;2021-09-29;;;;null;null;null;null;;0;0.000;0.00;;0000;null;;;;0;0.000;0.00;;0000;null;;;;null;;null;null;null;null;null;null;null;null;null;null
4500010227;922.75;00010;;F;NB;9;0;;RU04;null;null;RU04;0000102535;RU04;;;;;5300003094;HAWA;01;RUEC-RU-BATCH;Пример Материала партии;null;null;null;null;null;null;null;null;1.000;ST;1000.00;1000.00;USD;null;null;1;;02;VINOKUROVAV;A;TESTER;2021-09-29;2021-09-29;null;null;2021-09-29;;X;;null;null;null;null;;0;1.000;1000.00;5000028102;2021;2021-09-29;;;;0;1.000;1000.00;5105604598;2021;2021-09-29;;;;null;;null;null;null;null;null;null;null;null;null;null
4500010227;922.75;00020;;F;NB;9;0;;RU04;null;null;RU04;0000102535;RU04;;;;;5300003094;HAWA;01;RUEC-RU-BATCH;Пример Материала партии;null;null;null;null;null;null;null;null;1.000;ST;1000.00;1000.00;USD;null;null;1;;02;VINOKUROVAV;A;TESTER;2021-09-29;2021-09-29;null;null;2021-09-29;;X;;null;null;null;null;;0;1.000;1000.00;5000028102;2021;2021-09-29;;;;0;1.000;1000.00;5105604598;2021;2021-09-29;;;;null;;null;null;null;null;null;null;null;null;null;null
4500010228;922.75;00010;;F;NB;9;0;A;RU04;null;null;RU04;0000102535;RU04;;;;;;;01;;Пример Материала партии;null;null;null;null;null;null;null;null;1.000;ST;1000.00;1000.00;USD;null;null;1;;02;VINOKUROVAV;A;TESTER;2021-09-29;2021-09-29;null;null;2021-09-29;;;;null;null;null;null;;0;0.000;0.00;;0000;null;;;;0;1.000;1000.00;5105604599;2021;2021-09-29;X;;;null;;null;null;null;null;null;null;null;null;null;null
4500010231;922.75;00010;;F;NB;9;0;F;RU04;null;null;RU04;0000102535;RU04;;;;;5300003219;HAWA;01;RUEC-RU-BOM;обычный материал;null;null;null;null;null;null;null;null;1.000;ST;1000.00;1000.00;USD;null;null;1;;02;VINOKUROVAV;A;TESTER;2021-09-29;2021-09-29;null;null;2021-09-29;;X;;null;null;null;null;;2;1.000;1000.00;5000028119;2021;2021-09-29;;;;0;1.000;1000.00;5105604601;2021;2021-09-29;;;;null;;null;null;null;null;null;null;null;null;null;null
4500010232;922.75;00010;;F;NB;9;0;;RU04;null;null;RU04;0000102535;RU04;;;;;5300003094;HAWA;01;RUEC-RU-BATCH;Пример Материала партии;null;null;null;null;null;null;null;null;1.000;ST;1000.00;1000.00;USD;null;null;1;;02;VINOKUROVAV;A;TESTER;2021-09-30;2021-09-29;null;null;2021-09-29;;;;null;null;null;null;;0;0.000;0.00;;0000;null;;;;0;0.000;0.00;;0000;null;;;;null;;null;null;null;null;null;null;null;null;null;null
4500010232;922.75;00020;;F;NB;9;0;;RU04;null;null;RU04;0000102535;RU04;;;;;5300003094;HAWA;01;RUEC-RU-BATCH;Пример Материала партии;null;null;null;null;null;null;null;null;1.000;ST;1000.00;1000.00;USD;null;null;1;;02;VINOKUROVAV;A;TESTER;2021-09-30;2021-09-29;null;null;2021-09-29;;;;null;null;null;null;;0;0.000;0.00;;0000;null;;;;0;0.000;0.00;;0000;null;;;;null;;null;null;null;null;null;null;null;null;null;null
4500010233;922.75;00010;;F;NB;9;0;;RU04;null;null;RU04;0000102535;RU04;;;;;5300005560;HAWA;01;RUEC-RU-BOM;обычный материал;null;null;null;null;null;null;null;null;1.000;ST;1000.00;1000.00;USD;null;null;1;;02;VINOKUROVAV;A;TESTER;2021-09-30;2021-09-29;null;null;2021-09-29;;X;;null;null;null;null;;0;1.000;1000.00;5000028120;2021;2021-09-29;;;;0;0.000;0.00;;0000;null;;;;null;;null;null;null;null;null;null;null;null;null;null
4500010234;922.75;00010;;F;NB;9;0;;RU04;null;null;RU04;0000102535;RU04;;;;;5300005560;HAWA;01;RUEC-RU-BOM;обычный материал;null;null;null;null;null;null;null;null;1.000;ST;1000.00;1000.00;USD;null;null;1;;02;VINOKUROVAV;A;TESTER;2021-09-30;2021-09-29;null;null;2021-09-29;;;;null;null;null;null;;0;0.000;0.00;;0000;null;;;;0;0.000;0.00;;0000;null;;;;null;;null;null;null;null;null;null;null;null;null;null
4500010235;1285.5753;00010;;F;NB;9;0;;CM02;null;null;0001;CM_VAG_SO;0001;;PC00;;;5300000753;ROH;01;CM_SOYBEAN;CM Soybean;null;null;null;null;null;null;null;null;10.000;BU;139.32;1393.20;USD;null;null;1;;02;C5252907;A;TESTER;2021-09-14;2021-09-30;null;null;2021-09-30;;X;;null;null;null;null;;0;10.000;1393.20;5000028108;2021;2021-09-30;;;;0;0.000;0.00;;0000;null;;;;null;;null;null;null;null;null;null;null;null;null;null
4500010236;1285.5753;00010;;F;NB;9;0;;CM02;null;null;0001;CM_VAG_SO;0001;;PC00;;;5300000753;ROH;01;CM_SOYBEAN;CM Soybean;null;null;null;null;null;null;null;null;10.000;BU;139.32;1393.20;USD;null;null;1;;02;C5252907;A;TESTER;2021-09-14;2021-09-30;null;null;2021-09-30;;X;;null;null;null;null;;0;10.000;1393.20;5000028109;2021;2021-09-30;;;;1;10.000;1393.20;5105604603;2021;2021-09-30;;;;null;;null;null;null;null;null;null;null;null;null;null
4500010237;922.75;00010;;F;NB;9;0;A;RU04;null;null;RU04;0000102535;RU04;;;;;;;01;;Пример Материала партии;null;null;null;null;null;null;null;null;1.000;ST;1000.00;1000.00;USD;null;null;1;;02;VINOKUROVAV;A;TESTER;2021-09-30;2021-09-30;null;null;2021-09-30;;;;null;null;null;null;;0;0.000;0.00;;0000;null;;;;0;1.000;1000.00;5105604604;2021;2021-09-30;X;;;null;;null;null;null;null;null;null;null;null;null;null
4500010239;7382045.860675;00010;;F;NB;9;0;;CM01;null;null;0001;CM_VMT_CA;0001;0001;;;;5300000740;ROH;01;CM_COPPER_CAT;CM_COPPER_CAT;ND;null;null;null;;null;null;null;1000.000;TO;8000.05;8000049.70;USD;null;null;1;;02;EBERLEJU;A;TESTER;2021-09-30;2021-09-30;null;null;2021-09-30;;;;null;null;null;null;X;0;200.000;1600010.00;;0000;null;;;;0;0.000;0.00;;0000;null;;;;null;;null;null;null;null;null;null;null;null;null;null
4500010240;8673.85;00010;;F;NB;9;0;;CM02;null;null;0001;CM_VAG_SO;0001;;PC01;;;5300001470;ROH;01;CM_SOYBEAN_01;CM Soybean 01;null;null;null;null;null;null;null;null;100.000;BU;94.00;9400.00;USD;null;null;1;;02;BARTHV;A;TESTER;2021-10-12;2021-09-30;null;null;2021-09-30;;;;null;null;null;null;;0;0.000;0.00;;0000;null;;;;0;0.000;0.00;;0000;null;;;;null;;null;null;null;null;null;null;null;null;null;null
4500010241;8673.85;00010;;F;NB;9;0;;CM02;null;null;0001;CM_VAG_SO;0001;;PC01;;;5300001470;ROH;01;CM_SOYBEAN_01;CM Soybean 01;null;null;null;null;null;null;null;null;100.000;BU;94.00;9400.00;USD;null;null;1;;02;BARTHV;A;TESTER;2021-10-12;2021-09-30;null;null;2021-09-30;;;;null;null;null;null;;0;0.000;0.00;;0000;null;;;;0;0.000;0.00;;0000;null;;;;null;;null;null;null;null;null;null;null;null;null;null
4500010242;7382045.860675;00010;;F;NB;9;0;;CM01;null;null;0001;CM_VMT_CA;0001;0001;;;;5300000740;ROH;01;CM_COPPER_CAT;CM_COPPER_CAT;ND;null;null;null;;null;null;null;1000.000;TO;8000.05;8000049.70;USD;null;null;1;;02;EBERLEJU;A;TESTER;2021-09-30;2021-09-30;null;null;2021-09-30;;;;null;null;null;null;X;1;150.000;1200007.50;;0000;null;;;;0;0.000;0.00;;0000;null;;;;null;;null;null;null;null;null;null;null;null;null;null
4500010258;1316.76425;00010;;F;NB;9;0;;CM02;null;null;0001;CM_VAG_SO;0001;;PC00;;;5300000753;ROH;01;CM_SOYBEAN;CM Soybean;null;null;null;null;null;null;null;null;10.000;BU;142.70;1427.00;USD;null;null;1;;02;C5252907;A;TESTER;2021-09-14;2021-10-05;null;null;2021-10-05;;X;;null;null;null;null;;0;10.000;1427.00;5000028140;2021;2021-10-05;;;;2;10.000;1427.00;5105604617;2021;2021-10-05;;;;null;;null;null;null;null;null;null;null;null;null;null
4500010259;1322.4853;00010;;F;NB;9;0;;CM02;null;null;0001;CM_VAG_SO;0001;;PC00;;;5300000753;ROH;01;CM_SOYBEAN;CM Soybean;null;null;null;null;null;null;null;null;10.000;BU;143.32;1433.20;USD;null;null;1;;02;C5252907;A;TESTER;2021-09-14;2021-10-05;null;null;2021-10-05;;X;;null;null;null;null;;0;10.000;1433.20;5000028142;2021;2021-10-05;;;;0;10.000;1433.20;5105604613;2021;2021-10-05;;;;null;;null;null;null;null;null;null;null;null;null;null
4500010260;1336.5941475;00010;;F;NB;9;0;;CM02;null;null;0001;CM_VAG_SO;0001;;PC00;;;5300000753;ROH;01;CM_SOYBEAN;CM Soybean;null;null;null;null;null;null;null;null;10.000;BU;144.85;1448.49;USD;null;null;1;;02;C5252907;A;TESTER;2021-09-14;2021-10-05;null;null;2021-10-05;;X;;null;null;null;null;;0;10.000;1448.50;5000028143;2021;2021-10-05;;;;0;0.000;0.00;;0000;null;;;;null;;null;null;null;null;null;null;null;null;null;null
4500010261;1336.5941475;00010;;F;NB;9;0;;CM02;null;null;0001;CM_VAG_SO;0001;;PC00;;;5300000753;ROH;01;CM_SOYBEAN;CM Soybean;null;null;null;null;null;null;null;null;10.000;BU;144.85;1448.49;USD;null;null;1;;02;C5252907;A;TESTER;2021-09-14;2021-10-05;null;null;2021-10-05;;X;;null;null;null;null;;0;10.000;1448.50;5000028144;2021;2021-10-05;;;;0;0.000;0.00;;0000;null;;;;null;;null;null;null;null;null;null;null;null;null;null
4500010262;2399.15;00010;;F;NB;9;0;;CM02;null;null;0001;CM_VAG_SO;0001;;PC00;;;5300000753;ROH;01;CM_SOYBEAN;CM Soybean;null;null;null;null;null;null;null;null;10.000;BU;260.00;2600.00;USD;null;null;1;;02;C5252907;A;TESTER;2021-09-14;2021-10-05;null;null;2021-10-05;;X;;null;null;null;null;;0;10.000;2600.00;5000028145;2021;2021-10-05;;;;0;0.000;0.00;;0000;null;;;;null;;null;null;null;null;null;null;null;null;null;null
4500010263;1799.3625;00010;;F;NB;9;0;;CM02;null;null;0001;CM_VAG_SO;0001;;PC00;;;5300000753;ROH;01;CM_SOYBEAN;CM Soybean;null;null;null;null;null;null;null;null;10.000;BU;195.00;1950.00;USD;null;null;1;;02;C5252907;A;TESTER;2021-09-14;2021-10-05;null;null;2021-10-05;;X;;null;null;null;null;;0;10.000;1950.00;5000028146;2021;2021-10-05;;;;0;0.000;0.00;;0000;null;;;;null;;null;null;null;null;null;null;null;null;null;null
4500010264;1337.9875;00010;;F;NB;9;0;;CM02;null;null;0001;CM_VAG_SO;0001;;PC00;;;5300000753;ROH;01;CM_SOYBEAN;CM Soybean;null;null;null;null;null;null;null;null;10.000;BU;145.00;1450.00;USD;null;null;1;;02;C5252907;A;TESTER;2021-09-14;2021-10-05;null;null;2021-10-05;;X;;null;null;null;null;;0;10.000;1450.00;5000028147;2021;2021-10-05;;;;1;10.000;1450.00;5105604615;2021;2021-10-05;;;;null;;null;null;null;null;null;null;null;null;null;null
4500010265;1322.4853;00010;;F;NB;9;0;;CM02;null;null;0001;CM_VAG_SO;0001;;PC00;;;5300000753;ROH;01;CM_SOYBEAN;CM Soybean;null;null;null;null;null;null;null;null;10.000;BU;143.32;1433.20;USD;null;null;1;;02;C5252907;A;TESTER;2021-09-14;2021-10-05;null;null;2021-10-05;;X;;null;null;null;null;;0;10.000;1433.20;5000028148;2021;2021-10-05;;;;0;10.000;1433.20;5105604616;2021;2021-10-05;;;;null;;null;null;null;null;null;null;null;null;null;null
4500010266;1322.4853;00010;;F;NB;9;0;;CM02;null;null;0001;CM_VAG_SO;0001;;PC00;;;5300000753;ROH;01;CM_SOYBEAN;CM Soybean;null;null;null;null;null;null;null;null;10.000;BU;143.32;1433.20;USD;null;null;1;;02;C5252907;A;TESTER;2021-09-14;2021-10-05;null;null;2021-10-05;;X;;null;null;null;null;;0;10.000;1433.20;5000028149;2021;2021-10-05;;;;0;10.000;1433.20;5105604504;2021;2021-10-05;;;;null;;null;null;null;null;null;null;null;null;null;null
4500010267;1322.4853;00010;;F;NB;9;0;;CM02;null;null;0001;CM_VAG_SO;0001;;PC00;;;5300000753;ROH;01;CM_SOYBEAN;CM Soybean;null;null;null;null;null;null;null;null;10.000;BU;143.32;1433.20;USD;null;null;1;;02;C5252907;A;TESTER;2021-09-14;2021-10-05;null;null;2021-10-05;;X;;null;null;null;null;;0;10.000;1433.20;5000028150;2021;2021-10-05;;;;2;10.000;1433.20;5105604622;2021;2021-10-05;;;;null;;null;null;null;null;null;null;null;null;null;null
4500010268;7382045.860675;00010;;F;NB;9;0;;CM01;null;null;0001;CM_VMT_CA;0001;0001;;;;5300000740;ROH;01;CM_COPPER_CAT;CM_COPPER_CAT;ND;null;null;null;;null;null;null;1000.000;TO;8000.05;8000049.70;USD;null;null;1;;02;EBERLEJU;A;TESTER;2021-10-05;2021-10-05;null;null;2021-10-05;;;;null;null;null;null;X;3;200.000;1600010.00;;0000;null;;;;0;0.000;0.00;;0000;null;;;;null;;null;null;null;null;null;null;null;null;null;null
4500010269;968.8875;00010;;F;NB;9;0;;CM02;null;null;0001;CM_VAG_SO;0001;;PC00;;;5300000753;ROH;01;CM_SOYBEAN;CM Soybean;null;null;null;null;null;null;null;null;10.000;BU;105.00;1050.00;USD;null;null;1;;02;C5252907;A;TESTER;2021-09-14;2021-10-05;null;null;2021-10-05;;X;;null;null;null;null;;0;10.000;1050.00;5000028155;2021;2021-10-05;;;;0;10.000;1050.00;5105604623;2021;2021-10-05;;;;null;;null;null;null;null;null;null;null;null;null;null
4500010270;7382045.860675;00010;;F;NB;9;0;;CM01;null;null;0001;CM_VMT_CA;0001;0001;;;;5300000740;ROH;01;CM_COPPER_CAT;CM_COPPER_CAT;ND;null;null;null;;null;null;null;1000.000;TO;8000.05;8000049.70;USD;null;null;1;;02;EBERLEJU;A;TESTER;2021-10-05;2021-10-05;null;null;2021-10-05;;;;null;null;null;null;X;2;200.000;1600010.00;;0000;null;;;;0;0.000;0.00;;0000;null;;;;null;;null;null;null;null;null;null;null;null;null;null
4500010271;7382045.860675;00010;;F;NB;9;0;;CM01;null;null;0001;CM_VMT_CA;0001;0001;;;;5300000740;ROH;01;CM_COPPER_CAT;CM_COPPER_CAT;ND;null;null;null;;null;null;null;1000.000;TO;8000.05;8000049.70;USD;null;null;1;;02;EBERLEJU;A;TESTER;2021-10-05;2021-10-05;null;null;2021-10-05;;;;null;null;null;null;X;1;200.000;1600010.00;;0000;null;;;X;0;200.000;1600010.00;;0000;null;;;;null;;null;null;null;null;null;null;null;null;null;null
4500010272;1322.4853;00010;;F;NB;9;0;;CM02;null;null;0001;CM_VAG_SO;0001;;PC00;;;5300000753;ROH;01;CM_SOYBEAN;CM Soybean;null;null;null;null;null;null;null;null;10.000;BU;143.32;1433.20;USD;null;null;1;;02;C5252907;A;TESTER;2021-09-14;2021-10-05;null;null;2021-10-05;;;;null;null;null;null;;0;0.000;0.00;;0000;null;;;;0;0.000;0.00;;0000;null;;;;null;;null;null;null;null;null;null;null;null;null;null
4500010273;1854727.518455;00010;;F;NB;9;0;;CM01;null;null;0001;CM_VMT_CA;0001;0001;PC00;;;5300005580;ROH;01;CM_SOYBEAN;CM Soybean;null;null;null;null;null;null;null;null;100000.000;BU;20.10;2010000.02;USD;null;null;1;;02;JHAKA;A;TESTER;2021-08-18;2021-10-05;null;null;2021-10-05;;;;null;null;null;null;;0;0.000;0.00;;0000;null;;;;0;0.000;0.00;;0000;null;;;;null;;null;null;null;null;null;null;null;null;null;null
4500010274;7382045.860675;00010;;F;NB;9;0;;CM01;null;null;0001;CM_VMT_CA;0001;0001;;;;5300000740;ROH;01;CM_COPPER_CAT;CM_COPPER_CAT;ND;null;null;null;;null;null;null;1000.000;TO;8000.05;8000049.70;USD;null;null;1;;02;EBERLEJU;A;TESTER;2021-10-05;2021-10-05;null;null;2021-10-05;;;;null;null;null;null;X;0;200.000;1600010.00;;0000;null;;;X;0;200.000;1600010.00;;0000;null;;;;null;;null;null;null;null;null;null;null;null;null;null
4500010275;7382045.860675;00010;;F;NB;9;0;;CM01;null;null;0001;CM_VMT_CA;0001;0001;;;;5300000740;ROH;01;CM_COPPER_CAT;CM_COPPER_CAT;ND;null;null;null;;null;null;null;1000.000;TO;8000.05;8000049.70;USD;null;null;1;;02;EBERLEJU;A;TESTER;2021-10-05;2021-10-05;null;null;2021-10-05;;;;null;null;null;null;X;1;200.000;1600010.00;;0000;null;;;X;0;200.000;1600010.00;;0000;null;;;;null;;null;null;null;null;null;null;null;null;null;null
4500010276;7382045.860675;00010;;F;NB;9;0;;CM01;null;null;0001;CM_VMT_CA;0001;0001;;;;5300000740;ROH;01;CM_COPPER_CAT;CM_COPPER_CAT;ND;null;null;null;;null;null;null;1000.000;TO;8000.05;8000049.70;USD;null;null;1;;02;EBERLEJU;A;TESTER;2021-10-05;2021-10-05;null;null;2021-10-05;;;;null;null;null;null;X;1;200.000;1600010.00;;0000;null;;;X;0;200.000;1600010.00;;0000;null;;;;null;;null;null;null;null;null;null;null;null;null;null
4500010277;34.972225;00010;;F;NB;9;0;;RU04;null;null;RU04;URA_SEL_KZ;RU04;;SAP-DUMMY;;;5300003280;HAWA;01;IMCD-NORMAL-01;test;null;null;null;null;null;null;null;null;5.000;KG;7.58;37.90;USD;null;null;1;;02;VINOKUROVAV;A;TESTER;2021-09-05;2021-10-05;null;null;2021-10-05;;X;;null;null;null;null;;0;5.000;37.90;5000028181;2021;2021-10-05;;;;0;5.000;37.90;5105604628;2021;2021-10-05;;;;null;;null;null;null;null;null;null;null;null;null;null
4500010278;4613.75;00010;;F;NB;9;0;;RU04;null;null;RU04;URA_SEL_KZ;RU04;;;;;5300003280;HAWA;01;RUEC-RU-BATCH;Пример Материала партии;null;null;null;null;null;null;null;null;5.000;ST;1000.00;5000.00;USD;null;null;1;;02;VINOKUROVAV;A;TESTER;2021-09-05;2021-10-05;null;null;2021-10-05;;X;;null;null;null;null;;0;5.000;5000.00;5000028182;2021;2021-10-05;;;;0;0.000;0.00;;0000;null;;;;null;;null;null;null;null;null;null;null;null;null;null
4500010280;18.455;00010;;F;NB;9;0;;0001;null;null;0001;ASWE;0001;;;;;5300005590;HAWA;01;ZBS_MAT02;Material 2;null;null;null;null;null;null;null;null;10.000;EA;2.00;20.00;USD;null;null;1;;02;STROHECKER;A;TESTER;2021-10-06;2021-10-06;null;null;2021-10-06;;;X;null;null;null;null;;0;0.000;0.00;;0000;null;;;;0;0.000;0.00;;0000;null;;;;null;;null;null;null;null;null;null;null;null;null;null
4500010281;7382045.860675;00010;;F;NB;9;0;;CM01;null;null;0001;CM_VMT_CA;0001;0001;;;;5300000740;ROH;01;CM_COPPER_CAT;CM_COPPER_CAT;ND;null;null;null;;null;null;null;1000.000;TO;8000.05;8000049.70;USD;null;null;1;;02;EBERLEJU;A;TESTER;2021-10-07;2021-10-06;null;null;2021-10-06;;;;null;null;null;null;X;1;150.000;1200007.50;;0000;null;;;X;0;150.000;1200007.50;;0000;null;;;;null;;null;null;null;null;null;null;null;null;null;null
4500010283;7382045.860675;00010;;F;NB;9;0;;CM01;null;null;0001;CM_VMT_CA;0001;0001;;;;5300000740;ROH;01;CM_COPPER_CAT;CM_COPPER_CAT;ND;null;null;null;;null;null;null;1000.000;TO;8000.05;8000049.70;USD;null;null;1;;02;EBERLEJU;A;TESTER;2021-10-07;2021-10-06;null;null;2021-10-06;;;;null;null;null;null;X;0;200.000;1600010.00;;0000;null;;;;0;0.000;0.00;;0000;null;;;;null;;null;null;null;null;null;null;null;null;null;null
4500010284;1753.225;00010;;F;NB;9;0;;CM02;null;null;0001;CM_VAG_SO;0001;;PC00;;;5300000753;ROH;01;CM_SOYBEAN;CM Soybean;null;null;null;null;null;null;null;null;10.000;BU;190.00;1900.00;USD;null;null;1;;02;C5252907;A;TESTER;2021-09-14;2021-10-06;null;null;2021-10-06;;;;null;null;null;null;;0;0.000;0.00;;0000;null;;;;0;0.000;0.00;;0000;null;;;;null;;null;null;null;null;null;null;null;null;null;null
4500010287;22950.6287725;00010;;F;NB;9;0;;CM03;null;null;0001;CM_VMT_CA;0001;;SAP-DUMMY;;;5300000890;ROH;01;CM_CU_CONC;CM Copper Concentrate;null;null;null;null;null;null;null;null;10.000;TO;2487.20;24871.99;USD;null;null;1;;02;DIENSTMANN;A;TESTER;2021-10-09;2021-10-06;null;null;2021-10-06;;;;null;null;null;null;;0;0.000;0.00;;0000;null;;;;0;0.000;0.00;;0000;null;;;;null;;null;null;null;null;null;null;null;null;null;null
4500010288;5609.6463925;00010;;F;NB;9;0;;CM03;null;null;0001;CM_VMT_CA;0001;;SAP-DUMMY;;;5300000890;ROH;01;CM_CU_CONC;CM Copper Concentrate;null;null;null;null;null;null;null;null;25.000;TO;243.17;6079.27;USD;null;null;1;;02;DIENSTMANN;A;TESTER;2021-10-09;2021-10-06;null;null;2021-10-06;;;;null;null;null;null;;0;0.000;0.00;;0000;null;;;;0;0.000;0.00;;0000;null;;;;null;;null;null;null;null;null;null;null;null;null;null
4500010289;69.20625;00010;;F;NB;9;0;;0001;null;null;0001;0000106531;0001;;;;;5300003990;HAWA;01;ZBS_MAT02;Material 2;null;null;null;null;null;null;null;null;3.000;EA;25.00;75.00;USD;null;null;1;;02;STROHECKER;A;TESTER;2021-10-07;2021-10-07;null;null;2021-10-07;;;X;null;null;null;null;X;0;2.000;50.00;;0000;null;;;;0;0.000;0.00;;0000;null;;X;X;null;;null;null;null;null;null;null;null;null;null;null
4500010290;92.275;00010;;F;NB;9;0;;0001;null;null;0001;0000106531;0001;;;;;5300005591;HALB;01;ZBS_MAT03;Material 3;null;null;null;null;null;null;null;null;10.000;EA;10.00;100.00;USD;null;null;1;;02;STROHECKER;A;TESTER;2021-10-07;2021-10-07;null;null;2021-10-07;;;X;null;null;null;null;X;0;2.000;20.00;;0000;null;;;;0;0.000;0.00;;0000;null;;X;X;null;;null;null;null;null;null;null;null;null;null;null
4500010291;446836.8430625;00010;;F;NB;9;0;;CM01;null;null;0001;CM_VMT_CA;0001;;;;;5300000740;ROH;01;CM_COPPER_CAT;CM_COPPER_CAT;ND;null;null;null;;null;null;null;100.000;TO;4842.45;484244.75;USD;null;null;1;;02;C5252907;A;TESTER;2020-11-07;2021-10-07;null;null;2021-10-11;;;;null;null;null;null;;0;0.000;0.00;;0000;null;;;;0;0.000;0.00;;0000;null;;;;null;;null;null;null;null;null;null;null;null;null;null
4500010292;10000;00010;;F;NB;9;0;;PIT1;null;null;PIT1;V_PIT1_1;PIT1;;;;;5300003940;HALB;01;P-100;Pump;null;null;null;null;null;null;null;null;10.000;EA;1000.00;10000.00;EUR;null;null;1;;02;ZATOPEK;A;TESTER;2021-10-07;2021-10-07;null;null;2021-10-07;;;;null;null;null;null;;0;0.000;0.00;;0000;null;;;X;0;1.000;1000.00;;0000;null;;;;null;;null;null;null;null;null;null;null;null;null;null
4500010293;10000;00010;;F;NB;9;0;;PIT1;null;null;PIT1;V_PIT1_1;PIT1;;;;;5300003940;HALB;01;P-100;Pump;null;null;null;null;null;null;null;null;10.000;EA;1000.00;10000.00;EUR;null;null;1;;02;ZATOPEK;A;TESTER;2021-10-07;2021-10-07;null;null;2021-10-07;;;;null;null;null;null;;0;0.000;0.00;;0000;null;;;;0;0.000;0.00;;0000;null;;;;null;;null;null;null;null;null;null;null;null;null;null
4500010294;10000;00010;;F;NB;9;0;;PIT1;null;null;PIT1;V_PIT1_1;PIT1;;;;;5300003940;HALB;01;P-100;Pump;null;null;null;null;null;null;null;null;10.000;EA;1000.00;10000.00;EUR;null;null;1;;02;ZATOPEK;A;TESTER;2021-10-07;2021-10-07;null;null;2021-10-07;;;;null;null;null;null;;0;0.000;0.00;;0000;null;;;;0;0.000;0.00;;0000;null;;;;null;;null;null;null;null;null;null;null;null;null;null
4500010295;230.6875;00010;;F;NB;9;0;;0001;null;null;0001;0000106531;0001;;;;;5300003990;HAWA;01;ZBS_MAT02;Material 2;null;null;null;null;null;null;null;null;10.000;EA;25.00;250.00;USD;null;null;1;;02;STROHECKER;A;TESTER;2021-10-07;2021-10-07;null;null;2021-10-07;;;X;null;null;null;null;X;0;1.000;25.00;;0000;null;;;;0;0.000;0.00;;0000;null;;X;X;null;;null;null;null;null;null;null;null;null;null;null
4500010303;69.20625;00010;;F;NB;9;0;;0001;null;null;0001;0000106531;0001;;;;;5300003990;HAWA;01;ZBS_MAT02;Material 2;null;null;null;null;null;null;null;null;3.000;EA;25.00;75.00;USD;null;null;1;;02;STROHECKER;A;TESTER;2021-10-07;2021-10-07;null;null;2021-10-07;;;X;null;null;null;null;X;0;1.000;25.00;;0000;null;;;;0;0.000;0.00;;0000;null;;X;X;null;;null;null;null;null;null;null;null;null;null;null
4500010304;69.20625;00010;;F;NB;9;0;;0001;null;null;0001;0000106531;0001;;;;;5300003990;HAWA;01;ZBS_MAT02;Material 2;null;null;null;null;null;null;null;null;3.000;EA;25.00;75.00;USD;null;null;1;;02;STROHECKER;A;TESTER;2021-10-07;2021-10-07;null;null;2021-10-07;;;X;null;null;null;null;X;0;2.000;50.00;;0000;null;;;;0;0.000;0.00;;0000;null;;X;X;null;;null;null;null;null;null;null;null;null;null;null
4500010305;92.275;00010;;F;NB;9;0;;0001;null;null;0001;0000106531;0001;;;;;5300003990;HAWA;01;ZBS_MAT02;Material 2;null;null;null;null;null;null;null;null;4.000;EA;25.00;100.00;USD;null;null;1;;02;STROHECKER;A;TESTER;2021-10-07;2021-10-07;null;null;2021-10-07;;X;X;null;null;null;null;;0;4.000;100.00;5000028209;2021;2021-10-07;;;;0;0.000;0.00;;0000;null;;X;X;null;;null;null;null;null;null;null;null;null;null;null
4500010306;92.275;00010;;F;NB;9;0;;0001;null;null;0001;0000106531;0001;;;;;5300003990;HAWA;01;ZBS_MAT02;Material 2;null;null;null;null;null;null;null;null;4.000;EA;25.00;100.00;USD;null;null;1;;02;STROHECKER;A;TESTER;2021-10-07;2021-10-07;null;null;2021-10-07;;X;X;null;null;null;null;;0;4.000;100.00;5000028210;2021;2021-10-07;;;;0;0.000;0.00;;0000;null;;X;X;null;;null;null;null;null;null;null;null;null;null;null
4500010308;91.702895;00010;;F;NB;9;0;;CM03;null;null;0001;CM_PERF;0001;;;;;5300003614;ROH;01;CM_CU_CONC_04;CM Copper Concentrate 04;null;null;null;null;null;null;null;null;100.000;TO;0.99;99.38;USD;null;null;1;;02;GEIGERM;A;TESTER;2020-11-27;2021-10-11;null;null;2021-10-11;;;;null;null;null;null;;0;0.000;0.00;;0000;null;X;;;0;0.000;0.00;;0000;null;;;;null;;null;null;null;null;null;null;null;null;null;null
4500010309;608213.739265;00010;;F;NB;9;0;;CM03;null;null;0001;CM_PERF;0001;;;;;5300003614;ROH;01;CM_CU_CONC_04;CM Copper Concentrate 04;null;null;null;null;null;null;null;null;100.000;TO;6591.32;659131.66;USD;null;null;1;;02;GEIGERM;A;TESTER;2020-11-27;2021-10-08;null;null;2021-10-19;;;;null;null;null;null;;0;0.000;0.00;;0000;null;;;;0;0.000;0.00;;0000;null;;;;null;;null;null;null;null;null;null;null;null;null;null
4500010310;92.625645;00010;;F;NB;9;0;;CM03;null;null;0001;CM_PERF;0001;;;;;5300003614;ROH;01;CM_CU_CONC_04;CM Copper Concentrate 04;null;null;null;null;null;null;null;null;101.000;TO;0.99;100.38;USD;null;null;1;;02;GEIGERM;A;TESTER;2020-11-27;2021-10-08;null;null;2021-10-08;;;;null;null;null;null;;0;0.000;0.00;;0000;null;;;;0;0.000;0.00;;0000;null;;;;null;;null;null;null;null;null;null;null;null;null;null
4500010314;446180.74013;00010;;F;NB;9;0;;CM03;null;null;0001;CM_PERF;0001;;;;;5300003614;ROH;01;CM_CU_CONC_04;CM Copper Concentrate 04;null;null;null;null;null;null;null;null;100.000;TO;4835.34;483533.72;USD;null;null;1;;02;I309715;A;TESTER;2020-11-27;2021-10-08;null;null;2021-10-08;;X;;null;null;null;null;;0;100.000;483534.00;5000028211;2021;2021-10-08;;;;0;0.000;0.00;;0000;null;;;;null;;null;null;null;null;null;null;null;null;null;null
4500010315;91.702895;00010;;F;NB;9;0;;CM03;null;null;0001;CM_PERF;0001;;;;;5300003614;ROH;01;CM_CU_CONC_04;CM Copper Concentrate 04;null;null;null;null;null;null;null;null;100.000;TO;0.99;99.38;USD;null;null;1;;02;GEIGERM;A;TESTER;2020-11-27;2021-10-08;null;null;2021-10-08;;;;null;null;null;null;X;0;15.000;14.85;;0000;null;;;;0;0.000;0.00;;0000;null;;;;null;;null;null;null;null;null;null;null;null;null;null
4500010316;4469849.90575;00010;;F;NB;9;0;;CM01;null;null;0001;CM_VMT_CA;0001;0001;;;;5300000740;ROH;01;CM_COPPER_CAT;CM_COPPER_CAT;ND;null;null;null;;null;null;null;1000.000;TO;4844.05;4844053.00;USD;null;null;1;;02;EBERLEJU;A;TESTER;2021-10-11;2021-10-10;null;null;2021-10-10;;;;null;null;null;null;;0;0.000;0.00;;0000;null;;;;0;0.000;0.00;;0000;null;;;;null;;null;null;null;null;null;null;null;null;null;null
4500010317;91.702895;00010;;F;NB;9;0;;CM03;null;null;0001;CM_PERF;0001;;;;;5300003614;ROH;01;CM_CU_CONC_04;CM Copper Concentrate 04;null;null;null;null;null;null;null;null;100.000;TO;0.99;99.38;USD;null;null;1;;02;GEIGERM;A;TESTER;2020-11-27;2021-10-11;null;null;2021-10-11;;;;null;null;null;null;;1;0.000;0.00;;0000;null;;;;0;0.000;0.00;;0000;null;;;;null;;null;null;null;null;null;null;null;null;null;null
4500010318;91.702895;00010;;F;NB;9;0;;CM03;null;null;0001;CM_PERF;0001;;;;;5300003614;ROH;01;CM_CU_CONC_04;CM Copper Concentrate 04;null;null;null;null;null;null;null;null;100.000;TO;0.99;99.38;USD;null;null;1;;02;GEIGERM;A;TESTER;2020-11-27;2021-10-11;null;null;2021-10-11;;;;null;null;null;null;;1;0.000;0.00;;0000;null;;;;0;0.000;0.00;;0000;null;;;;null;;null;null;null;null;null;null;null;null;null;null
4500010321;91.702895;00010;;F;NB;9;0;;CM03;null;null;0001;CM_PERF;0001;;;;;5300003614;ROH;01;CM_CU_CONC_04;CM Copper Concentrate 04;null;null;null;null;null;null;null;null;100.000;TO;0.99;99.38;USD;null;null;1;;02;GEIGERM;A;TESTER;2020-11-27;2021-10-11;null;null;2021-10-11;;X;;null;null;null;null;;0;100.000;99.00;5000028218;2021;2021-10-11;;;;0;0.000;0.00;;0000;null;;;;null;;null;null;null;null;null;null;null;null;null;null
4500010322;91.702895;00010;;F;NB;9;0;;CM03;null;null;0001;CM_PERF;0001;;;;;5300003614;ROH;01;CM_CU_CONC_04;CM Copper Concentrate 04;null;null;null;null;null;null;null;null;100.000;TO;0.99;99.38;USD;null;null;1;;02;GEIGERM;A;TESTER;2020-11-27;2021-10-11;null;null;2021-10-11;;X;;null;null;null;null;;0;100.000;99.00;5000028219;2021;2021-10-11;X;;;0;0.000;0.00;;0000;null;;;;null;;null;null;null;null;null;null;null;null;null;null
4500010323;9.172135;00010;;F;NB;9;0;;CM03;null;null;0001;CM_PERF;0001;;;;;5300003614;ROH;01;CM_CU_CONC_04;CM Copper Concentrate 04;null;null;null;null;null;null;null;null;10.000;TO;0.99;9.94;USD;null;null;1;;02;GEIGERM;A;TESTER;2020-11-27;2021-10-11;null;null;2021-10-11;;X;;null;null;null;null;;0;10.000;9.90;5000028220;2021;2021-10-11;X;;;0;0.000;0.00;;0000;null;;;;null;;null;null;null;null;null;null;null;null;null;null
4500010324;9.172135;00010;;F;NB;9;0;;CM03;null;null;0001;CM_PERF;0001;;;;;5300003614;ROH;01;CM_CU_CONC_04;CM Copper Concentrate 04;null;null;null;null;null;null;null;null;10.000;TO;0.99;9.94;USD;null;null;1;;02;GEIGERM;A;TESTER;2020-11-27;2021-10-11;null;null;2021-10-11;;;;null;null;null;null;;0;0.000;0.00;;0000;null;X;;;0;0.000;0.00;;0000;null;;;;null;;null;null;null;null;null;null;null;null;null;null
4500010325;9.172135;00010;;F;NB;9;0;;CM03;null;null;0001;CM_PERF;0001;;;;;5300003614;ROH;01;CM_CU_CONC_04;CM Copper Concentrate 04;null;null;null;null;null;null;null;null;10.000;TO;0.99;9.94;USD;null;null;1;;02;GEIGERM;A;TESTER;2020-11-27;2021-10-11;null;null;2021-10-11;;X;;null;null;null;null;;0;10.000;9.90;5000028221;2021;2021-10-11;;;;0;0.000;0.00;;0000;null;;;;null;;null;null;null;null;null;null;null;null;null;null
4500010326;9.172135;00010;;F;NB;9;0;;CM03;null;null;0001;CM_PERF;0001;;;;;5300003614;ROH;01;CM_CU_CONC_04;CM Copper Concentrate 04;null;null;null;null;null;null;null;null;10.000;TO;0.99;9.94;USD;null;null;1;;02;GEIGERM;A;TESTER;2020-11-27;2021-10-11;null;null;2021-10-11;;;;null;null;null;null;;0;0.000;0.00;;0000;null;;;;0;0.000;0.00;;0000;null;;;;null;;null;null;null;null;null;null;null;null;null;null
4500010333;1229.56;00010;;F;NB;9;0;;CM02;null;null;0001;CM_VAG_SO;0001;;PC00;;;5300000753;ROH;01;CM_SOYBEAN;CM Soybean;null;null;null;null;null;null;null;null;10.000;BU;122.96;1229.56;EUR;null;null;1;;02;GEIGERM;A;TESTER;2021-09-14;2021-10-12;null;null;2021-10-12;;;;null;null;null;null;;0;0.000;0.00;;0000;null;;;;0;0.000;0.00;;0000;null;;;;null;;null;null;null;null;null;null;null;null;null;null
4500010334;9.172135;00010;;F;NB;9;0;;CM03;null;null;0001;CM_PERF;0001;;;;;5300003614;ROH;01;CM_CU_CONC_04;CM Copper Concentrate 04;null;null;null;null;null;null;null;null;10.000;TO;0.99;9.94;USD;null;null;1;;02;GEIGERM;A;TESTER;2020-11-27;2021-10-12;null;null;2021-10-12;;;;null;null;null;null;;0;0.000;0.00;;0000;null;;;;0;0.000;0.00;;0000;null;;;;null;;null;null;null;null;null;null;null;null;null;null
4500010339;10058.4271475;00010;;F;NB;9;0;;CM01;null;null;0001;CM_VMT_CA;0001;0001;;;;5300000740;ROH;01;CM_COPPER_CAT;CM_COPPER_CAT;ND;null;null;null;;null;null;null;100.000;TO;109.00;10900.49;USD;null;null;1;;02;SANAPUREDDY;A;TESTER;2021-10-13;2021-10-13;null;null;2021-10-13;;;;null;null;null;null;X;0;30.000;3270.00;;0000;null;;;;0;0.000;0.00;;0000;null;;;;null;;null;null;null;null;null;null;null;null;null;null
4500010340;446180.74013;00010;;F;NB;9;0;;CM03;null;null;0001;CM_PERF;0001;;;;;5300003614;ROH;01;CM_CU_CONC_04;CM Copper Concentrate 04;null;null;null;null;null;null;null;null;100.000;TO;4835.34;483533.72;USD;null;null;1;;02;I309715;A;TESTER;2020-11-27;2021-10-13;null;null;2021-10-13;;X;;null;null;null;null;;0;100.000;483534.00;5000028250;2021;2021-10-13;;;;0;0.000;0.00;;0000;null;;;;null;;null;null;null;null;null;null;null;null;null;null
4500010341;9.172135;00010;;F;NB;9;0;;CM03;null;null;0001;CM_PERF;0001;;;;;5300003614;ROH;01;CM_CU_CONC_04;CM Copper Concentrate 04;null;null;null;null;null;null;null;null;10.000;TO;0.99;9.94;USD;null;null;1;;02;GEIGERM;A;TESTER;2020-11-27;2021-10-13;null;null;2021-10-13;;;;null;null;null;null;;0;0.000;0.00;;0000;null;;;;0;0.000;0.00;;0000;null;;;;null;;null;null;null;null;null;null;null;null;null;null
4500010344;89226.9722;00010;;F;NB;9;0;;CM03;AF;DE;0001;CM_PERF;0001;;;;;5300003614;ROH;01;CM_CU_CONC_04;CM Copper Concentrate 04;null;null;null;null;null;null;null;null;10.000;TO;9669.68;96696.80;USD;null;null;1;;02;GEIGERM;A;TESTER;2020-11-27;2021-10-13;null;null;2021-10-13;;;;null;null;null;null;X;0;8.000;77357.44;;0000;null;;;;0;0.000;0.00;;0000;null;;;;null;;null;null;null;null;null;null;null;null;null;null
4500010346;9.172135;00010;;F;NB;9;0;;CM03;null;null;0001;CM_PERF;0001;;;;;5300003614;ROH;01;CM_CU_CONC_04;CM Copper Concentrate 04;null;null;null;null;null;null;null;null;10.000;TO;0.99;9.94;USD;null;null;1;;02;GEIGERM;A;TESTER;2020-11-27;2021-10-13;null;null;2021-10-13;;;;null;null;null;null;X;0;6.000;5.94;;0000;null;;;;0;0.000;0.00;;0000;null;;;;null;;null;null;null;null;null;null;null;null;null;null
4500010347;2000;00010;;F;NB;9;0;;IDRT;null;null;IDKM;ANO;IDKP;0001;;;;5300003541;ROH;01;WKM-ROH1;Test KM;null;null;null;null;null;null;null;null;200.000;ST;10.00;2000.00;EUR;null;null;1;;02;MEYERK;A;TESTER;2021-09-21;2021-10-13;null;null;2021-10-13;;;;null;null;null;null;X;0;100.000;1000.00;;0000;null;;;X;0;100.000;1000.00;;0000;null;;;;null;;null;null;null;null;null;null;null;null;null;null
4500010349;9.172135;00010;;F;NB;9;0;;CM03;null;null;0001;CM_PERF;0001;;;;;5300003614;ROH;01;CM_CU_CONC_04;CM Copper Concentrate 04;null;null;null;null;null;null;null;null;10.000;TO;0.99;9.94;USD;null;null;1;;02;GEIGERM;A;TESTER;2020-11-27;2021-10-13;null;null;2021-10-13;;;;null;null;null;null;;0;0.000;0.00;;0000;null;;;;0;0.000;0.00;;0000;null;;;;null;;null;null;null;null;null;null;null;null;null;null
4500010350;9910.279635;00010;;F;NB;9;0;;CM01;null;null;0001;CM_VMT_CA;0001;;;;;5300000740;ROH;01;CM_COPPER_CAT;CM_COPPER_CAT;ND;null;null;null;;null;null;null;100.000;TO;107.40;10739.94;USD;null;null;1;;02;C5252907;A;TESTER;2020-11-07;2021-10-13;null;null;2021-10-13;;;;null;null;null;null;;0;0.000;0.00;;0000;null;;;;0;0.000;0.00;;0000;null;;;;null;;null;null;null;null;null;null;null;null;null;null
4500010351;11.92193;00010;;F;NB;9;0;;CM03;null;null;0001;CM_PERF;0001;;;;;5300003614;ROH;01;CM_CU_CONC_04;CM Copper Concentrate 04;null;null;null;null;null;null;null;null;13.000;TO;0.99;12.92;USD;null;null;1;;02;GEIGERM;A;TESTER;2020-11-27;2021-10-13;null;null;2021-10-13;;;;null;null;null;null;;0;0.000;0.00;;0000;null;;;;0;0.000;0.00;;0000;null;;;;null;;null;null;null;null;null;null;null;null;null;null
4500010352;9.172135;00010;;F;NB;9;0;;CM03;null;null;0001;CM_PERF;0001;;;;;5300003614;ROH;01;CM_CU_CONC_04;CM Copper Concentrate 04;null;null;null;null;null;null;null;null;10.000;TO;0.99;9.94;USD;null;null;1;;02;GEIGERM;A;TESTER;2020-11-27;2021-10-13;null;null;2021-10-13;;;;null;null;null;null;;0;0.000;0.00;;0000;null;;;;0;0.000;0.00;;0000;null;;;;null;;null;null;null;null;null;null;null;null;null;null
4500010353;892269.7865925;00010;;F;NB;9;0;;CM03;null;null;0001;CM_PERF;0001;;;;;5300003614;ROH;01;CM_CU_CONC_04;CM Copper Concentrate 04;null;null;null;null;null;null;null;null;100.000;TO;9669.68;966968.07;USD;null;null;1;;02;JHAKA;A;TESTER;2021-10-13;2021-10-13;null;null;2021-10-13;;;;null;null;null;null;;0;0.000;0.00;;0000;null;;;;0;0.000;0.00;;0000;null;;;;null;;null;null;null;null;null;null;null;null;null;null
4500010354;67501.008;00010;;F;NB;9;0;;0001;null;null;0001;ASWE;0001;;;;;5300005700;VKHM;01;SUHAS_MTOF;Alternate UoM;null;null;null;null;null;null;null;null;6096.000;M;12.00;73152.00;USD;null;null;1;;02;NAGARAJU;A;TESTER;2021-10-13;2021-10-13;null;null;2021-10-13;;;;null;null;null;null;;0;0.000;0.00;;0000;null;;;;0;0.000;0.00;;0000;null;;;;null;;null;null;null;null;null;null;null;null;null;null
4500010355;67501.008;00010;;F;NB;9;0;;0001;null;null;0001;ASWE;0001;;;;;5300005700;VKHM;01;SUHAS_MTOF;Alternate UoM;null;null;null;null;null;null;null;null;6096.000;M;12.00;73152.00;USD;null;null;1;;02;NAGARAJU;A;TESTER;2021-10-13;2021-10-13;null;null;2021-10-13;;X;;null;null;null;null;;0;6096.000;73152.00;5000028233;2021;2021-10-13;;;;0;0.000;0.00;;0000;null;;;;null;;null;null;null;null;null;null;null;null;null;null
4500010356;9910.279635;00010;;F;NB;9;0;;CM01;null;null;0001;CM_VMT_CA;0001;;;;;5300000740;ROH;01;CM_COPPER_CAT;CM_COPPER_CAT;ND;null;null;null;;null;null;null;100.000;TO;107.40;10739.94;USD;null;null;1;;02;C5252907;A;TESTER;2020-11-07;2021-10-13;null;null;2021-10-13;;;;null;null;null;null;;0;0.000;0.00;;0000;null;;;;0;0.000;0.00;;0000;null;;;;null;;null;null;null;null;null;null;null;null;null;null
4500010357;89226.9722;00010;;F;NB;9;0;;CM03;null;null;0001;CM_PERF;0001;;;;;5300003614;ROH;01;CM_CU_CONC_04;CM Copper Concentrate 04;null;null;null;null;null;null;null;null;10.000;TO;9669.68;96696.80;USD;null;null;1;;02;GEIGERM;A;TESTER;2020-11-27;2021-10-13;null;null;2021-10-13;;;;null;null;null;null;X;0;5.000;48348.40;;0000;null;;;;0;0.000;0.00;;0000;null;;;;null;;null;null;null;null;null;null;null;null;null;null
4500010358;160608.568415;00010;;F;NB;9;0;;CM03;null;null;0001;CM_PERF;0001;;;;;5300003614;ROH;01;CM_CU_CONC_04;CM Copper Concentrate 04;null;null;null;null;null;null;null;null;18.000;TO;9669.68;174054.26;USD;null;null;1;;02;GEIGERM;A;TESTER;2020-11-27;2021-10-13;null;null;2021-10-25;;;;null;null;null;null;X;0;5.000;48348.40;;0000;null;;;;0;0.000;0.00;;0000;null;;;;null;;null;null;null;null;null;null;null;null;null;null
4500010359;11.0084075;00010;;F;NB;9;0;;CM03;null;null;0001;CM_PERF;0001;;;;;5300003614;ROH;01;CM_CU_CONC_04;CM Copper Concentrate 04;null;null;null;null;null;null;null;null;12.000;TO;0.99;11.93;USD;null;null;1;;02;GEIGERM;A;TESTER;2020-11-27;2021-10-13;null;null;2021-10-13;;X;;null;null;null;null;;0;12.000;11.88;5000028248;2021;2021-10-13;;;;0;0.000;0.00;;0000;null;;;;null;;null;null;null;null;null;null;null;null;null;null
4500010361;11.0084075;00010;;F;NB;9;0;;CM03;null;null;0001;CM_PERF;0001;;;;;5300003614;ROH;01;CM_CU_CONC_04;CM Copper Concentrate 04;null;null;null;null;null;null;null;null;12.000;TO;0.99;11.93;USD;null;null;1;;02;GEIGERM;A;TESTER;2020-11-27;2021-10-13;null;null;2021-10-13;;;;null;null;null;null;;0;0.000;0.00;;0000;null;;;;0;0.000;0.00;;0000;null;;;;null;;null;null;null;null;null;null;null;null;null;null
4500010362;11.0084075;00010;;F;NB;9;0;;CM03;null;null;0001;CM_PERF;0001;;;;;5300003614;ROH;01;CM_CU_CONC_04;CM Copper Concentrate 04;null;null;null;null;null;null;null;null;12.000;TO;0.99;11.93;USD;null;null;1;;02;GEIGERM;A;TESTER;2020-11-27;2021-10-13;null;null;2021-10-13;;;;null;null;null;null;;1;0.000;0.00;;0000;null;;;;0;0.000;0.00;;0000;null;;;;null;;null;null;null;null;null;null;null;null;null;null
4500010368;1490868.72;00010;;F;NB;9;0;;CM02;null;null;0001;CM_VAG_SO;0001;;PC00;;;5300000753;ROH;01;CM_SOYBEAN;CM Soybean;null;null;null;null;null;null;null;null;10000.000;BU;161.57;1615680.00;USD;null;null;1;;02;CHENCHEN3;A;TESTER;2021-06-15;2021-10-14;null;null;2021-10-14;;;;null;null;null;null;;0;0.000;0.00;;0000;null;;;;0;0.000;0.00;;0000;null;;;;null;;null;null;null;null;null;null;null;null;null;null
4500010370;1.3658;00010;;F;NB;9;0;;KR01;null;null;KR01;0000101554;K001;;;;;5300000532;HAWA;01;MM_KR_004;한국 거리;null;null;null;null;null;null;null;null;1000.000;ST;2.00;2000.00;KRW;null;null;1;;02;ZHENGNA;A;TESTER;2016-11-14;2021-10-14;null;null;2021-10-14;;;;null;null;null;null;;0;0.000;0.00;;0000;null;;;;0;0.000;0.00;;0000;null;;;;null;;null;null;null;null;null;null;null;null;null;null
4500010372;11.0084075;00010;;F;NB;9;0;;CM03;null;null;0001;CM_PERF;0001;;;;;5300003614;ROH;01;CM_CU_CONC_04;CM Copper Concentrate 04;null;null;null;null;null;null;null;null;12.000;TO;0.99;11.93;USD;null;null;1;;02;GEIGERM;A;TESTER;2020-11-27;2021-10-14;null;null;2021-10-14;;;;null;null;null;null;X;0;3.000;2.97;;0000;null;;;;0;0.000;0.00;;0000;null;;;;null;;null;null;null;null;null;null;null;null;null;null
4500010373;11.0084075;00010;;F;NB;9;0;;CM03;null;null;0001;CM_PERF;0001;;;;;5300003614;ROH;01;CM_CU_CONC_04;CM Copper Concentrate 04;null;null;null;null;null;null;null;null;12.000;TO;0.99;11.93;USD;null;null;1;;02;GEIGERM;A;TESTER;2020-11-27;2021-10-14;null;null;2021-10-14;;;;null;null;null;null;;0;0.000;0.00;;0000;null;;;;0;0.000;0.00;;0000;null;;;;null;;null;null;null;null;null;null;null;null;null;null
4500010374;11.0084075;00010;;F;NB;9;0;;CM03;null;null;0001;CM_PERF;0001;;;;;5300003614;ROH;01;CM_CU_CONC_04;CM Copper Concentrate 04;null;null;null;null;null;null;null;null;12.000;TO;0.99;11.93;USD;null;null;1;;02;GEIGERM;A;TESTER;2020-11-27;2021-10-15;null;null;2021-10-15;;;;null;null;null;null;;1;0.000;0.00;;0000;null;;;;0;0.000;0.00;;0000;null;;;;null;;null;null;null;null;null;null;null;null;null;null
4500010380;100;00010;;F;NB;9;0;K;0001;null;null;0001;CCSV000031;0001;0001;0000001000;;;5300005710;HAWA;01;CCSM00000000000011;Testmaterial:CCSM00000000000011;;null;null;null;;null;null;null;10.000;KG;10.00;100.00;EUR;null;null;1;;02;LOMEN;A;TESTER;2021-10-15;2021-10-15;null;null;2021-10-15;;X;;null;null;null;null;;0;10.000;100.00;5000028263;2021;2021-10-15;;;;0;0.000;0.00;;0000;null;;;;null;;null;null;null;null;null;null;null;null;null;null
4500010381;1000;00010;;F;NB;9;0;;0001;null;null;0001;CCMSUPP01;0001;;;;;5300002221;HAWA;01;CCMPROD01;CCM Product 1;null;null;null;null;null;null;null;null;100.000;EA;10.00;1000.00;EUR;null;null;1;;02;MUETHER;A;TESTER;2021-10-18;2021-10-15;null;null;2021-10-15;;;;null;null;null;null;;0;0.000;0.00;;0000;null;;;;0;0.000;0.00;;0000;null;;;;null;;null;null;null;null;null;null;null;null;null;null
4500010381;1500;00020;;F;NB;9;0;;0001;null;null;0001;CCMSUPP01;0001;;;;;5300002612;HAWA;01;CCMPROD21;CCM Product 21;null;null;null;null;null;null;null;null;150.000;EA;10.00;1500.00;EUR;null;null;1;;02;MUETHER;A;TESTER;2021-10-18;2021-10-15;null;null;2021-10-15;;;;null;null;null;null;;0;0.000;0.00;;0000;null;;;;0;0.000;0.00;;0000;null;;;;null;;null;null;null;null;null;null;null;null;null;null
4500010382;95733.61464;00010;;F;NB;9;0;;CM01;null;null;0001;CM_VMT_CA;0001;0001;;;;5300000740;ROH;01;CM_COPPER_CAT;CM_COPPER_CAT;ND;null;null;null;;null;null;null;100.000;TO;1037.48;103748.16;USD;null;null;1;;02;PANDAPR;A;TESTER;2021-07-05;2021-10-18;null;null;2021-10-18;;;;null;null;null;null;;0;0.000;0.00;;0000;null;;;;0;0.000;0.00;;0000;null;;;;null;;null;null;null;null;null;null;null;null;null;null
4500010383;10058.4271475;00010;;F;NB;9;0;;CM01;null;null;0001;CM_VMT_CA;0001;0001;;;;5300000740;ROH;01;CM_COPPER_CAT;CM_COPPER_CAT;ND;null;null;null;;null;null;null;100.000;TO;109.00;10900.49;USD;null;null;1;;02;PANDAPR;A;TESTER;2021-10-13;2021-10-18;null;null;2021-10-18;;;;null;null;null;null;;0;0.000;0.00;;0000;null;;;;0;0.000;0.00;;0000;null;;;;null;;null;null;null;null;null;null;null;null;null;null
4500010384;115995.0730875;00010;;F;NB;9;0;;CM03;null;null;0001;CM_PERF;0001;;;;;5300003614;ROH;01;CM_CU_CONC_04;CM Copper Concentrate 04;null;null;null;null;null;null;null;null;13.000;TO;9669.68;125705.85;USD;null;null;1;;02;KUMARIN;A;TESTER;2020-11-27;2021-10-18;null;null;2021-10-18;;;;null;null;null;null;X;0;5.000;48348.40;;0000;null;;;;0;0.000;0.00;;0000;null;;;;null;;null;null;null;null;null;null;null;null;null;null
4500010385;990;00010;;F;NB;9;0;M;0001;null;null;0001;MMVEND1;0001;;0000001000;;;5300000221;HAWA;01;MM-PROD1;MM Product 1;ND;null;null;0;;0.000;null;null;100.000;EA;9.90;990.00;EUR;null;null;1;;02;MUETHER;A;TESTER;2021-10-19;2021-10-18;null;null;2021-10-18;;X;;null;null;null;null;;0;100.000;990.00;5000028264;2021;2021-10-18;;;;0;0.000;0.00;;0000;null;;;;null;X;null;null;null;null;null;null;null;null;null;null
4500010386;100;00010;;F;NB;9;0;;0001;null;null;0001;CCSV000030;0001;0001;0000001000;;;5300005726;HAWA;01;CCSM00000000000011;Testmaterial:CCSM00000000000011;;null;null;null;;null;null;null;10.000;KG;10.00;100.00;EUR;null;null;1;;02;LOMEN;A;TESTER;2021-10-18;2021-10-18;null;null;2021-10-18;;X;;null;null;null;null;;0;10.000;100.00;5000028270;2021;2021-10-18;;;;0;0.000;0.00;;0000;null;;;;null;;null;null;null;null;null;null;null;null;null;null
4500010390;7382045.860675;00010;;F;NB;9;0;;CM01;null;null;0001;CM_VMT_CA;0001;0001;;;;5300000740;ROH;01;CM_COPPER_CAT;CM_COPPER_CAT;ND;null;null;null;;null;null;null;1000.000;TO;8000.05;8000049.70;USD;null;null;1;;02;EBERLEJU;A;TESTER;2021-10-19;2021-10-19;null;null;2021-10-19;;;;null;null;null;null;X;1;250.000;2000012.50;;0000;null;;;X;0;250.000;2000012.50;;0000;null;;;;null;;null;null;null;null;null;null;null;null;null;null
4500010392;79067.78998;00010;;F;NB;9;0;;CM03;2;null;0001;CM_PERF;0001;;;;;5300003614;ROH;01;CM_CU_CONC_04;CM Copper Concentrate 04;null;null;null;null;null;null;null;null;13.000;TO;6591.32;85687.12;USD;null;null;1;;02;GEIGERM;A;TESTER;2020-11-27;2021-10-19;null;null;2021-10-19;;;;null;null;null;null;;0;0.000;0.00;;0000;null;;;;0;0.000;0.00;;0000;null;;;;null;;null;null;null;null;null;null;null;null;null;null
4500010398;100;00010;;F;NB;9;0;K;0001;null;null;0001;CCSV000031;0001;0001;;;;5300005750;HAWA;01;CCSM00000000000001;Testmaterial:CCSM00000000000001;null;null;null;null;null;null;null;null;10.000;KG;10.00;100.00;EUR;null;null;1;;02;LOMEN;A;TESTER;2021-10-20;2021-10-20;null;null;2021-10-20;;;;null;null;null;null;;1;0.000;0.00;;0000;null;;;;0;0.000;0.00;;0000;null;;;;null;;null;null;null;null;null;null;null;null;null;null
